name,receipt
Robin Park,213
Robin Park,103
China Murphy,75
David Becker,2
Wesley Park,24
China Murphy,245
China Murphy,204
David Becker,206
David Becker,117
David Becker,96
David Becker,223
David Becker,31
Robin Park,125
Wesley Park,190
China Murphy,119
David Becker,161
David Becker,200
Wesley Park,50
David Becker,122
David Becker,157
Wesley Park,88
Robin Park,91
China Murphy,66
David Becker,142
David Becker,104
Robin Park,11
Robin Park,58
Robin Park,8
China Murphy,44
David Becker,140
David Becker,139
David Becker,102
Robin Park,162
Robin Park,15
David Becker,53
Robin Park,205
Wesley Park,104
China Murphy,116
Robin Park,39
China Murphy,249
Robin Park,107
China Murphy,97
Robin Park,228
China Murphy,38
China Murphy,14
David Becker,171
Wesley Park,54
David Becker,185
Wesley Park,152
China Murphy,38
Wesley Park,175
Wesley Park,127
China Murphy,58
David Becker,113
Robin Park,26
David Becker,22
Wesley Park,13
Robin Park,234
China Murphy,209
David Becker,162
China Murphy,53
Robin Park,38
David Becker,18
China Murphy,3
China Murphy,201
China Murphy,129
Robin Park,139
China Murphy,16
China Murphy,210
China Murphy,246
Wesley Park,68
Robin Park,37
David Becker,129
China Murphy,180
Robin Park,147
Robin Park,147
Robin Park,248
Robin Park,198
China Murphy,101
China Murphy,31
Robin Park,199
China Murphy,214
China Murphy,92
David Becker,176
Wesley Park,93
David Becker,3
Wesley Park,144
Robin Park,35
David Becker,227
Robin Park,203
David Becker,239
Robin Park,15
China Murphy,130
Wesley Park,107
China Murphy,106
Wesley Park,208
Robin Park,149
Robin Park,211
David Becker,228
David Becker,98
